id;nom;prenom;datedenaissance
1;e-business;Proactive Chips primary;2020-12-22T18:21:00
2;overriding Licensed Somalia;reboot Jewelery cyan;2020-12-23T05:47:57
3;parsing;Designer 1080p back-end;2020-12-22T15:44:25
4;Berkshire Distributed Ball;indigo open-source innovative;2020-12-22T15:15:27
5;South Dakota Persistent Administrator;bluetooth;2020-12-22T23:43:30
6;primary;Incredible Cotton Car Generic navigate;2020-12-22T21:02:15
7;South Carolina;Face to face;2020-12-22T18:13:21
8;Web;Central Administrator indigo;2020-12-22T12:42:51
9;Accountability invoice needs-based;Table;2020-12-23T07:38:52
10;Division Intelligent Rustic Rubber Car;Toys Health;2020-12-22T17:21:55
