id;street_address;postal_code;city;state_province
1;e-services synthesizing;TCP contingency;New Corbin;lavender Factors
2;Awesome Developer;Cambridgeshire;North Lilly;Curve Handcrafted Ball
3;Associate;Rubber concept connecting;Kyleechester;azure budgetary management
4;transmitter;Awesome Steel Gloves Tuna;Port Mckennaside;Shore Small Soft Fish
5;Ameliorated Israel;Computer Music;Emilyville;Unbranded Concrete Sausages hacking
6;collaborative Chair;generate RSS;West Gussie;applications proactive hack
7;synthesize;Books Diverse;Adellehaven;Handcrafted Fresh Car
8;customer loyalty;5th generation Shoes Sudanese Pound;Paucekton;Assistant
9;maximize Metrics Utah;Clothing IB;Efrainburgh;bluetooth Handcrafted Frozen Salad Rubber
10;Mongolia plum Cambridgeshire;PCI Rustic Steel Bike;East Chancemouth;optical Towels
